Gross Profit,Revenue,Pretax Income,Total Assets,Total Equity,Total Liabilities,Total Current Assets,Total Current Liabilities,Inventories,Interest Expense,EBITDA,Short-Term Borrowings,Cash & Near Cash Items,Cost of Revenue,Accounts & Notes Receivable,symbol,year,default
62006.204737,291221.911984,31654.794654,583430.716567,135663.94524,447766.77132700005,527791.601242,447766.77132700005,246725.683908,2942.895994,21462.84518,30182.14242,37106.148121,229215.707247,9703.460426,104,2016,0.0
15301.570488999998,105448.82415,6169.827383,202121.943414,52194.441651,149927.501763,167858.697917,149249.734444,37525.402149,1886.423774,6446.815388,6253.571999999999,4776.354579999998,90147.253661,108370.682118,79,2012,0.0
-9459.948333,158154.52517,-26039.18267,326165.426483,32650.17283,293515.253653,313306.635879,293515.253653,244514.161118,12647.362401,-19564.219597,134143.675235,3114.472341,167614.473503,58671.019946,34,2016,0.0
18609.523449,201394.338642,8828.605407,221474.665449,78331.349567,143143.315882,196803.414292,143143.315882,113402.460833,636.2193,12643.166463,26844.137466000004,10948.790227,182784.815193,39807.559134,16,2012,0.0
19524.613913,132891.033293,539.1161639999998,199333.633847,58531.68334600001,140801.95050099998,142419.69525999998,140689.241411,60581.315171,12316.42505,19621.702957,86866.393837,530.357367,113366.41938,72946.68926,43,2014,0.0
-100521.037088,802252.531523,-176412.912332,2783809.854629,532200.325989,2251609.52864,1961147.830687,1602539.7572209998,1192932.434009,69779.74897100001,-96991.968638,523935.6433680001,31551.324226,902773.568611,502802.640681,47,2013,0.0
80876.596045,1279450.306053,31949.224421,3443493.26705,193714.980234,3249778.286816,3385697.513902,3247278.286816,2539486.3289,3106.014994,38304.675249,69628.648065,284597.471153,1198573.710008,369919.676679,56,2015,0.0
273106.182763,686153.176881,147742.904867,7330710.071014,2958255.214705,4372454.856309,5475579.344268,2280470.410914,4391732.746859,71090.537415,248956.413283,365837.118335,76631.571631,413046.994118,832058.590293,28,2015,0.0
115798.570766,689729.516874,-34990.561143,2018253.664978,1154809.505944,863444.159034,1165050.815057,847173.9481510002,329536.20403,80910.35161900001,118080.961226,439093.889469,14858.648605,573930.946108,401875.348088,37,2012,0.0
10170.783958,162916.08139500002,-10399.333477,618762.526997,207177.212745,411585.314252,512065.35916800005,408848.252161,88579.102274,3044.208042,-14407.569988999998,126771.767019,20978.77035,152745.297437,189695.066914,58,2015,0.0
-10086.155489,163150.866668,-58543.778537,363399.384424,191168.232109,169006.29988900002,252114.242165,167205.89545399998,82830.524089,6205.640521,-36520.28137300001,36236.016871,7971.788823000001,173237.022157,121857.855875,58,2012,0.0
55301.528265,572772.632434,25497.977763,609822.670816,181279.174463,428543.496353,532586.9345890001,428543.496353,305799.274301,9854.844038,33817.883049000004,146606.181059,31019.335161000006,517471.104169,95938.750237,25,2016,0.0
16875.164808,104307.187686,3304.5093850000007,381654.684631,65633.555067,316021.129564,273704.517327,200329.557064,92731.439565,10487.376492,3403.647043,25714.487767,4807.023656,87432.022878,90574.838673,67,2012,0.0
89894.041886,235076.500647,69298.717687,479857.118571,231190.886339,248666.232232,278760.567629,155327.397037,181303.290874,10394.384896,82175.772504,11254.291709,9829.270226,145182.458761,76513.121305,50,2014,0.0
43160.887025,338812.827587,19167.408427,748469.340814,175661.113767,572808.2270470001,247155.386884,197349.601355,64888.590916,8322.897239,32222.216047,70597.140826,18164.027937,295651.940562,73861.451279,116,2014,0.0
162731.913115,753023.748066,56409.904679,4632065.0900300015,2418913.959406,2213151.130624,3137088.558292,1512449.653742,1972121.627644,39280.501562,46787.817141,661449.3467090001,39734.558234,590291.834951,897733.6559870002,17,2013,0.0
30984.643276,1235004.885685,72178.2272,2099449.8807240003,332897.777286,1766552.1034380004,1513998.982524,1374319.450178,860949.959296,50058.391887,19696.903871,457933.01539,111500.969309,1204020.242409,209950.475601,71,2013,0.0
35625.932473,630446.279855,10542.877134,581864.400397,112613.685524,469250.71487299993,487767.511894,468757.052693,326704.369281,14077.242911,18875.63592,108945.648328,9213.093239,594820.347382,127622.852142,103,2012,0.0
17343.01641,95081.880068,7170.8419920000015,110491.947874,49351.266802,61140.681072,99167.989605,61140.681072,6806.980529,1386.104941,9160.504603,34533.505094,22753.767624,77738.863658,50410.599527,98,2015,0.0
1229950.389464,10766823.522571,709405.7026399998,11416549.005129,1837055.992294,9579493.012836,9838864.650662,8697429.255679,4429350.117521,145143.751612,905153.398566,2618539.616578,576052.150573,9536873.133107,1858260.1579990003,21,2016,0.0
-2538.145172,5807.912445,-5646.109985,15471.155305000002,5298.182622,10172.972683,8891.633978,10172.972683,1045.379446,0.0,-4383.467281,0.0,4488.137087,8346.057617,204.681512,10,2014,0.0
11869.334734,167634.752339,5690.648498,252075.257841,114451.281129,137623.97671199995,220338.1707,136595.395949,6345.413728,167.220908,4026.205401,2396.0,2923.234127,155765.417605,96345.335564,20,2014,0.0
84258.92965399999,194838.432309,92643.483369,552879.473883,409861.605321,143017.868562,352733.099802,113848.780886,194554.681059,1619.941598,79502.565952,10397.5,59513.203473,110579.502655,4523.517433,90,2015,0.0
30300.303678,563279.530881,14844.99038,308428.232473,108653.257187,199774.975286,260024.150151,199119.648176,17460.607818,6072.847769,32106.248072,47385.124851,3206.566437,532979.227203,218840.224239,38,2012,0.0
410206.393485,3518182.711007,89129.584926,5803481.239625,997176.369518,4806304.870107,4958356.241091,4489491.079482,2105200.543984,96661.666555,199605.033779,1812755.306217,350924.944311,3107976.317522,776258.643131,21,2014,0.0
5787.371052,127893.884354,6506.282745,206083.346161,151402.505364,54680.840797,173663.068594,53838.762291,8549.234526,5.884932,72.35305,176.0,44789.923181,122106.513302,44359.087992,20,2012,0.0
36837.751183,729267.213973,9625.57174,418216.613734,47542.000684,370674.61305,363408.038848,366635.677095,229402.718021,12170.302788,28737.542279,72346.948711,14826.738476,692429.46279,79328.269808,1,2013,0.0
14200.762453,82025.687149,551.020811,202466.391579,100484.791494,101981.600085,135434.672872,98167.826092,26793.534618,5601.880588,12278.936443,44615.435692,4163.6661159999985,67824.924696,87809.03098200001,38,2013,0.0
163977.522118,655225.246754,32133.590489,5089309.884686,2656336.447264,2432973.4374220003,3211018.73192,995785.492325,2436693.576382,7713.389459,17084.137228,310301.41431100003,64549.207165,491247.724636,488347.262591,17,2015,0.0
45590.56701,418368.696888,2648.041043,654292.65317,90806.482853,563486.170317,623090.143328,558650.3467079999,222773.268734,34088.214038,39661.506512,344105.664605,4824.656196,372778.129878,343354.362992,102,2013,0.0
82656.714136,880906.606266,18658.876778,881162.120845,212692.854456,668469.266389,793808.302825,533352.430907,347857.397577,20193.643017,47081.806722,246884.288162,34920.208943,798249.89213,335615.47049000004,73,2016,0.0
62673.624683,335981.691843,21255.756082,375012.416693,83143.697633,291868.71906,301553.802252,253549.815596,60872.98226100001,3512.4006659999995,20718.272483,12822.516239,77435.797327,273308.06716,125028.7954,92,2012,0.0
22419.506937,99801.159367,1801.66607,339450.538999,177772.709083,161677.82991600002,264719.680636,117848.523983,244520.469905,14700.192888999998,19202.625464,60526.981704,396.477933,77381.65243,17181.292581,115,2013,0.0
10412.377788,57556.201178,6885.995519,122117.912199,97315.970657,24801.941542,24940.089453,24801.941542,5703.307011999998,230.155555,10314.648003,10000.0,2510.993927,47143.82339,6414.108064,51,2014,0.0
6548.839743,83010.02798099999,2883.004699,192600.767902,110648.888998,81951.878904,161633.512553,80975.431602,5361.220931,0.0,644.5952120000002,176.0,7072.88328,76461.188238,19552.260839,20,2013,0.0
181766.166949,1523506.441283,32325.728213,2285697.336258,261246.747888,2024450.58837,1486867.761481,1373114.914951,924931.672141,105830.040324,214884.058206,739315.716149,28399.058563,1341740.274334,360689.978544,6,2015,0.0
5503.420181,26880.202325,2991.950097,34487.926371,17242.431074,17245.495297,30130.720805,17245.495297,2328.850894,0.0,2412.876544,0.0,1315.962219,21376.782144,21526.355704,109,2013,0.0
56805.34323200001,1972804.216436,36475.796698,2293415.71528,184629.567062,2108786.148218,2242504.973172,2108786.148218,1790840.333156,0.0,28021.774343,0.0,113345.918572,1915998.873204,329296.901342,56,2012,0.0
17799.823281,210848.805786,636.138045,492803.866575,107967.424278,384836.442297,434357.6772,381363.942297,164163.76586500002,15758.53144,22865.802465,98476.787034,4966.424994,193048.982505,228826.328296,13,2013,0.0
23596.411906,132420.23601300002,18885.573802000006,342130.440792,267488.965417,74641.475375,298952.493187,74641.475375,175394.439573,0.0,14482.968358000002,0.0,30201.941687,108823.824107,14519.027197,27,2015,0.0
44838.208173,506827.305544,22425.26494,1297642.771922,212699.806002,1084942.96592,1104027.373268,942782.793182,646770.3722859999,2435.159260000001,29887.875942,1707.987375,179520.84238299995,461989.097371,103433.930656,101,2014,0.0
70311.43593200001,365348.530075,35478.262593,269055.142198,191555.580253,77499.56194500001,172995.524788,77429.56194500001,41867.75674100001,606.744156,57971.73656900001,0.0,36580.192649,295037.094143,78454.646982,40,2014,0.0
5075.581576,26875.781809,186.90987,84382.392326,23941.540321,60440.85200499999,74270.510683,60440.85200499999,14115.359329,501.353397,1754.3990620000004,4147.823,1813.65213,21800.200233,40954.248059,81,2014,0.0
123685.63044,557042.0716029999,94154.856288,1157265.861163,299949.98186500004,857315.8792979999,1018177.991003,720044.936844,366688.856607,1829.739818,100142.923124,69232.044869,284972.953885,433356.441163,107455.342932,101,2016,0.0
28773.694644,429245.76306,8655.462475,402857.266345,113813.094759,289044.171586,354165.816693,216913.524771,107139.140114,1856.879615,22708.001493,37949.402016,134131.80052699998,400472.068416,78870.09797999999,104,2014,0.0
251545.912469,1233292.751108,94648.851588,2201379.514498,741899.047942,1459480.466556,1183422.124541,1064925.676473,463058.665642,105943.197534,292123.581885,645779.240635,104040.561943,981746.838639,484891.523083,77,2014,0.0
236728.053496,1188752.644207,106152.255839,1857598.751102,800508.4619390002,1057090.289163,959518.387177,713985.9615890002,250229.61273,84701.080775,274606.327443,501263.692228,125569.150478,952024.590711,508693.395712,77,2015,0.0
87503.72003899999,1391988.612243,43853.090508,2190244.140351,333598.38155700004,1856645.758794,1767244.717021,1446151.49568,1011909.894787,33732.3868,66763.384896,496525.10635,323338.19014,1304484.892204,203934.144495,71,2014,0.0
9793.53432,159507.809667,11315.859994,560038.30302,218980.762267,341057.540753,438515.454716,327458.21972,169733.253829,11942.554307,40499.738147,95782.135899,15034.775666,149714.27534700002,76753.838145,82,2013,0.0
52183.9569,173922.554025,26759.688396,257064.728939,181010.486131,76054.24280800001,123016.388654,76054.24280800001,16773.207738999998,234.903727,20129.148102000006,0.0,25256.467922,121738.597125,63325.643578,94,2016,0.0
85718.444076,1257391.2570870002,32214.887219,3112959.848141,193466.224531,2919493.62361,3034923.526864,2916993.62361,2499166.669333,1859.652373,40212.625773,0.0,45481.412499,1171672.8130110002,319836.541431,56,2016,0.0
23730.101679,256713.643532,9228.737337,301501.712107,79607.96557999999,211747.977192,279247.368658,211747.977192,165526.914406,1345.205879,14528.775522999998,90440.715406,14221.227680000002,232983.54185300003,79072.444099,16,2013,0.0
6160.837353,31696.028023000006,4184.691081,30649.320906,18347.151529,12302.169377,28360.525043,12302.169377,4623.8816,0.0,2931.188791,0.0,2951.449831,25535.19067,17476.502594,109,2014,0.0
6308.194809000001,45792.407238,586.662828,281365.60192600003,164866.239007,116499.362919,189448.43166,99145.476127,47365.290718,2835.687401,4149.711153,19184.413,653.672872,39484.212429,60665.993936,80,2012,0.0
79291.044841,281568.142757,9861.10919,2433968.146903,567173.916644,1866794.230259,1682914.337303,1330951.939389,650068.109911,13014.763338,65280.060287,328220.613822,23815.764963,202277.097916,209179.372106,14,2016,0.0
54636.411739,102693.104014,16241.447652,772490.627274,600332.561103,172158.066171,463683.48692700005,145883.34596099998,21181.034063,1154.715339,34327.370245,5955.930765,10518.33499,48056.692275,29629.425188,4,2015,0.0
36032.731265,254878.415177,1425.329328,342137.694444,91642.056658,250495.637786,220472.417892,222805.255222,91660.890084,25241.487125,35857.305444,111005.504691,1550.300213,218845.683912,120530.687581,36,2012,0.0
16399.389895,160998.90228,801.6005690000002,228071.483269,64509.942574,163561.540695,143845.150259,148814.906061,51005.648231,7384.413243000001,13482.242217,59892.265995,2367.437151,144599.51238499998,59998.03842100001,38,2016,0.0
168149.792348,1043551.848907,128951.536707,1873342.400662,997240.545059,876101.855603,1086704.337081,845041.847012,63491.109368,30494.054649,113475.30101,433922.197622,109511.515958,875402.056559,337948.45463,114,2015,0.0
56243.956062,350828.88499,17216.786438,1336130.547779,205472.868783,1130657.678996,1126561.600459,976757.719498,809456.568674,11040.896098,35384.201326999995,376272.278921,8120.211184999999,294584.92892800004,120769.038884,101,2012,0.0
18483.679185,71704.255082,1589.582059,419194.848163,164951.324401,254243.523762,64760.90164,101298.809602,17717.131980000002,9965.405555,30358.09778,38474.7262,2298.754066,53220.575897,20514.01527,80,2016,0.0
326387.798419,1210518.7641049998,110456.076751,2259489.347193,726154.733767,1533334.613426,1066774.004466,1096486.615229,474180.449182,135075.404846,321051.006464,611197.21152,73562.610225,884130.9656860002,414856.84747,77,2012,0.0
68977.765655,179459.197346,38458.045706,1220656.822456,353517.404035,867139.4184209999,57881.80346,45434.143515,703.826145,2970.704385,131233.951501,6217.172672,8717.294888,110481.431691,5405.767199,23,2014,0.0
252002.929377,2010741.980328,74284.985418,2009711.214527,523864.633612,1485846.580915,1257891.632561,1232341.119922,700908.2898489999,109202.476945,301625.579838,705612.383666,11980.176053,1758739.0509509996,435199.631604,74,2014,0.0
74786.491727,1075793.922124,18598.350918,1298475.882311,183574.216107,1114901.666204,1095201.01529,1055199.720228,331544.29701700003,32025.263746,44223.917037,336965.288443,58499.431361,1001007.430397,550181.9858850001,32,2013,0.0
61603.219557,818467.836362,21234.955223,1102455.086465,172215.41058199998,930239.675883,912265.86383,840964.717927,331671.84358000004,40030.86201,32814.098058,266279.190642,24578.220921,756864.616805,440993.005583,32,2012,0.0
108365.40991,228300.32060700003,64656.782127,12858433.349907,10331976.855481,2526456.494426,5481378.8542410005,1160738.685334,3491770.394548001,65448.016627,86393.764127,420540.798259,26525.543634,119934.910697,522621.352918,30,2016,0.0
614531.110324,1982946.426747,279738.039899,6518162.7903769985,1698363.864713,4819798.925664,4152361.215026,2632714.529399,2442680.679993,117339.454674,443407.768878,789728.4971970002,725252.707799,1368415.316423,444142.753823,22,2016,0.0
30233.0853,621304.032884,10189.189762,945021.64799,175996.562678,769025.085312,917907.12176,769025.085312,549748.151797,7400.474742,13229.541855,292037.085773,41158.675171,591070.9475840001,246649.770864,24,2013,0.0
185.557126,34423.747826,-28511.051286,150385.852559,21405.032985,128980.819574,75234.574513,85429.644721,13883.308621,2034.209423,-26123.657817,14757.666064,621.497887,34238.1907,15156.163954,87,2013,0.0
75737.753283,719464.853517,63147.724803,734952.738602,373937.939534,361014.799068,690243.969391,361014.799068,475547.151778,5593.850645,74489.738162,39921.188892,10026.80008,643727.100234,197785.405102,2,2012,0.0
78020.739963,1072234.127052,33142.198073,1322065.3280379998,258195.070313,1063870.257725,1116219.779274,803842.651032,506324.967851,20730.088943,77242.613746,310789.892989,99132.851786,994213.387089,349843.804659,112,2015,0.0
36715.030029,446000.690704,1170.519411,556749.5198029999,41121.39962300001,515628.12018,495502.475837,505812.19993100007,312031.387542,19493.745768,33019.541897,141806.33892100002,15390.378662,409285.660675,102007.882136,1,2015,0.0
43974.76942300001,266328.173331,739.556387,406823.940922,72151.225811,334672.715111,276951.316549,298649.631327,87392.139247,32399.356661,40115.878169,148675.934749,13548.80802,222353.403908,150387.69253,45,2012,0.0
32196.686372000004,727350.0511810002,8746.626134999999,699779.334475,112533.504811,587245.8296640001,610387.566399,585806.4639140001,212261.932501,11213.964028,16362.803268,174493.324653,18436.736223,695153.364809,333286.066911,103,2016,0.0
24997.404231,220931.755638,9935.591564,173152.52690899998,82775.822024,90376.704885,146497.74373699998,90130.081029,42698.255378,3355.801543,8215.46142,57734.059403,42233.467959,195934.351407,55560.062616,88,2014,0.0
116737.43868900002,774181.808558,10204.990838,1531873.471144,977962.227512,553911.2436319999,911145.12142,535713.939502,53840.857877,23310.01966,56091.40429,161905.181324,81708.392335,657444.3698689999,366610.169742,114,2016,0.0
60349.609035,1219869.137468,19889.063781,748253.413022,197373.454739,550879.958283,637013.075272,536407.943283,294317.445242,22653.140593,38915.198697,278388.55315500003,74361.54537200001,1159519.528433,171053.186399,53,2015,0.0
-32819.323445999995,126423.467438,-49332.245195,312470.180992,37178.494686,275291.686306,268902.194172,269461.686306,112456.28451199998,7842.737892,-37497.971615,36710.843334,1360.873907,159242.790884,125293.857251,72,2012,0.0
116464.170328,1373610.56173,62772.707715,1434131.63255,212587.572588,1221544.059962,1217144.5550620002,1144840.724308,708992.184665,41828.176431,95718.078597,574215.9513770001,175945.216041,1257146.391402,228401.167986,44,2014,0.0
216954.00311,1156792.638595,61349.349849,1338274.178302,441155.289327,897118.888975,974676.368804,801919.017946,357412.626302,61790.55355800001,168181.20478,429077.466265,159336.095652,939838.635485,417655.543569,75,2013,0.0
284394.045674,2038877.506056,46077.98926,2108474.221371,397856.208036,1710618.013335,1335834.429482,1365009.7198,734574.870753,130537.191771,404299.359081,828561.427853,28687.598656,1754483.460382,386980.796447,74,2013,0.0
2975.482341,12017.802485,144.261606,22664.707127,13992.911507,8671.79562,21382.806088,8210.995619,4271.9159869999985,610.8522839999998,819.7347139999998,1546.4,2312.88937,9042.320144,11074.657993,98,2012,0.0
5240.012978,33555.149224,3426.909974,38626.704785,22635.379787,15991.324997999998,36672.078885,15789.776598,5036.965388000001,17.379734,3860.869492,700.0,911.674374,28315.136246,21189.942266,64,2014,0.0
10966.312419,300084.22225,180.379639,237282.162409,43392.373927999986,193889.788481,164039.780255,146549.788481,121000.235004,5045.394015,7609.2269019999985,249.184204,3513.603735,289117.909831,2787.850794,61,2014,0.0
113729.869308,1029755.643882,30581.693876,2520153.849314,278871.173993,2241282.675321,2289213.028127,2233314.154224,1400160.9139959998,14173.474541,62552.136646000006,377155.993545,133179.19821099998,916025.774574,473886.883831,100,2016,0.0
254083.002938,1554414.558546,212450.279074,2293764.122181,1051314.780886,1242449.3412950002,1715675.001916,1236665.767272,889047.977798,4968.053377,210581.476944,50136.524925,348073.10977800004,1300331.555608,232313.387195,22,2014,0.0
86896.765709,865357.186661,26160.913862,1561849.011461,204211.609241,1357637.40222,1246878.862097,931539.8084,742308.361788,27672.282955,73287.547463,360346.626644,184373.286896,778460.4209520002,232840.774514,105,2012,0.0
16747.551106,160143.599084,1322.092386,379816.337727,120709.959832,259106.377895,336271.751584,259103.377895,76126.07578099999,5841.490879,11020.62747,69901.624614,54737.587871,143396.047978,93252.609259,97,2016,0.0
70583.627688,1452218.534835,37179.40656600001,2278460.983854,265342.767739,2013118.216115,2044620.687525,1055010.595594,810229.064261,29741.932812,64595.144733,432678.472179,162291.917532,1381634.9071469998,578707.1182520001,112,2016,0.0
18223.158222,322521.270267,46679.46654,540039.692453,234462.635607,305577.056846,438348.851683,150409.992742,25907.075854,11754.042774,-8485.940312,34994.918529,67059.094976,304298.112045,113648.288691,58,2016,0.0
22484.086393,154629.58709100002,1360.037506,404556.900409,65777.278787,338779.621622,288081.938066,205449.147665,98442.653229,11307.216086,8551.668633,30672.826679,11015.74482,132145.500698,97804.390132,67,2013,0.0
53512.348058,248559.828345,6168.315934,1032712.895061,161930.454221,870782.4408399998,644012.888695,657689.438494,179502.54709,22173.673837,35778.00321,182345.812757,24665.302112,195047.480287,350042.027263,49,2014,0.0
84891.650609,689835.710684,15617.6372,899050.1225010002,210826.856431,688223.26607,804553.038755,565216.52437,390588.1392550001,20315.290078,49361.928628,266313.427099,76172.425829,604944.060075,245549.674391,73,2015,0.0
22644.170699,420531.714891,8185.632090000001,234417.071041,39234.662824,195182.408217,197721.618149,157718.940453,65170.17328600001,6710.916645,24901.028472,29783.991716000004,9903.347328,397887.544192,117535.097242,7,2013,0.0
175023.77158499998,1009921.521437,37370.06483500001,2170223.561592,223390.118525,1946833.443067,1491649.193813,1291427.645719,956342.452051,97528.638287,203563.053316,658452.049234,112523.964469,834897.749852,257772.877178,6,2014,0.0
527107.2645609999,3006038.947271,402514.620915,4520982.766203,2064075.70955,2456907.056653,2040491.867481,1349936.768119,529379.190537,19202.646478,435700.634292,122756.703365,438544.310717,2478931.68271,797124.269473,52,2016,0.0
18408.885207,309037.038449,-67805.684478,559292.298215,187444.009884,371848.288331,395176.194634,353990.10043,147692.508774,26653.535833,-45776.149785,122101.605311,5986.462799,290628.15324200003,74936.68033300001,82,2012,0.0
22721.772415,139205.441437,18599.679437,93263.683747,44585.766468,48677.917279,78517.19004500001,48677.917279,13323.401988,120.151156,19322.816338,0.0,4722.101565,116483.669022,36073.31184,65,2012,0.0
72948.28313200001,1431204.710306,46858.647245,2254212.5637580003,311233.831066,1942978.732692,1947303.736511,1492369.216623,1026004.983444,20015.67717,58736.225117,352362.254661,369948.194546,1358256.427174,367430.98172,71,2015,0.0
81598.631128,1471017.649302,53875.330242,1987448.397684,319615.282778,1667833.114906,1846732.991391,1347082.229021,1008211.178427,16508.073787,64497.657859000006,315359.537563,244992.389962,1389419.018174,401864.709947,71,2016,0.0
16378.889205,222739.073581,4123.153485,222696.014063,52746.675904,169949.33815899998,221617.104989,169949.33815899998,93608.812386,1670.073279,6850.306881,35546.52601,33837.058205,206360.184376,75434.414391,18,2015,0.0
14628.865462,268508.308756,4000.428851,204101.524754,53000.612845,151100.911909,202286.129253,143761.679631,93574.331577,1378.417097,5934.697337,68733.739377,11333.972219,253879.443294,77793.651235,18,2014,0.0
11832.520209,80597.864729,7558.530992,221084.075559,203170.993768,17913.081791,209209.712288,17913.081791,27370.895687,0.0,7715.727417,0.0,2360.616056,68765.34452,8926.311821,9,2014,0.0
14292.490493,226782.625613,5731.195021,481408.06562,109005.355013,372402.710607,432116.992523,339029.834085,273728.416871,6252.538714,8606.559223999999,153462.264432,5391.685922,212490.13512,106405.310101,104,2013,0.0
58319.62636900001,848491.598817,14805.691051,1374309.588309,191374.316321,1182935.271988,1181547.6809200002,1130039.444024,484055.424063,24672.210769,89038.221637,242900.842484,75666.524616,790171.972448,493104.600432,105,2016,0.0
99909.996528,1405589.951178,25570.070404,1457492.821252,231660.214221,1225832.6070309998,1192460.777902,1161745.47935,403612.995093,43487.823812,93652.111185,421481.221079,13267.593541,1305679.95465,533112.683492,41,2014,0.0
34292.216403,629293.973915,11314.079608,632856.761775,179595.078099,453261.683676,586929.000736,453261.683676,154128.415997,6713.031958,15907.733643,214064.180984,40430.136434,595001.757512,259805.318767,24,2015,0.0
5504.1951450000015,23814.330764,1652.936757,37908.793615,24808.847761,13099.945854,33346.321287,13099.945854,17816.537063,12.988662,2120.618832,506.701,2008.73894,18310.135619,11103.219381,29,2013,0.0
12319.9051,84008.061671,7222.591559,67023.324224,27539.769296,39483.554928,60492.930491,39454.674928,5266.458749,989.653968,7681.152398,13318.917553,1922.603016,71688.156571,43315.542436,108,2015,0.0
7893.509163,60191.040175,-11235.182358,341509.39288400003,113190.125443,228319.267441,320145.24131300004,225472.267441,89063.613543,16585.94646,-8301.695565,114188.063543,505.632296,52297.531012,137073.27878599998,96,2012,0.0
81733.382405,868252.578949,16177.654713999998,1691210.89157,514355.149014,1176855.742556,1329291.615021,1134257.71301,333268.260165,41031.85733,75288.604619,577334.442524,124387.866853,786519.196544,497898.95731400006,41,2016,0.0
1201.291615,6603.202514,-10096.65962,185908.019079,35041.630389,150866.38869000002,163830.02269100002,67598.60467,118481.840912,2474.055022,-344.707831,28604.530863,16.74316,5401.910899,15446.335301,3,2016,0.0
2878.443875,21807.654542,835.999838,32484.346233,14632.38128,17851.964953,31243.91054,17851.964953,7782.2245969999985,356.461961,881.710027,6501.498328,3539.2086990000007,18929.210667,17428.487958,98,2013,0.0
17721.199395,138958.717664,11440.767789,84658.158815,46201.764046,38456.394769,54558.271217,38456.394769,17048.866311,177.285725,20861.97681,1435.01305,2926.686555,121237.518269,27544.818429000006,65,2016,0.0
28712.580036000007,300982.433581,2646.030031,456277.026964,39568.379267,416708.647697,399127.127437,376027.467331,179992.480538,16357.068238999998,24761.479271,168545.432542,21118.895588,272269.853545,156946.581771,97,2012,0.0
43745.798984,127616.54679100002,4217.165040999998,983908.860773,334723.377644,649185.483129,520565.258557,644444.152665,330322.063821,12610.937549,32119.957797000006,28585.873572000004,54055.147516,83870.747807,10100.860932,84,2014,0.0
96648.192421,416113.614086,53972.744029,383525.442836,249944.814777,133580.62805899998,219391.883477,131974.368059,39569.780376,403.755559,77642.079213,20970.461,26841.668437,319465.42166500003,129433.976906,40,2015,0.0
113878.543797,427534.725481,89146.541832,330118.227716,219989.400075,110128.827641,237449.812857,110128.827641,65846.01194400001,3119.669332,108232.257255,28000.0,38118.698848,313656.181684,78240.612398,5,2013,0.0
209610.15139,594606.762388,46635.68104700001,1971096.108307,327184.316153,1643911.792154,1023396.944233,970816.203058,517869.952779,112989.117778,218008.277453,553821.280029,36035.04598600001,384996.610998,395560.575287,91,2016,0.0
43338.576655,192566.931517,16138.072086000002,188237.911464,62746.331338,125491.580126,158264.817082,125491.580126,22264.593924,388.675361,18349.617402,3288.826179,23885.71398,149228.35486199998,98973.687722,93,2012,0.0
30717.370977999995,219714.487641,14148.819275999998,138443.860278,88825.681331,49618.178947,113024.699812,49618.178947,62755.87242000001,3363.601096,17689.435096,22840.194667,6496.929174,188997.116663,37950.063169,88,2016,0.0
323508.238175,2245500.270744,196792.964403,7086350.873976,1722415.693973,5363935.180003,1975190.602956,727384.624117,56384.765377,105595.932479,368927.686505,129460.54503,576880.1294770001,1921992.032569,773787.2095270002,26,2015,0.0
185923.734514,829081.71109,97692.739899,693278.0218430001,275235.233229,418042.788614,436646.320165,338442.150989,120307.303076,4848.051047,117956.066567,61295.924227,101890.778581,643157.976576,124846.857375,89,2016,0.0
301712.145293,1356864.962348,111488.93965,2366333.424761,721538.954789,1644794.469972,1673756.705502,1286645.968051,495736.405519,71571.279894,276156.598169,600390.460481,211117.83609,1055152.817055,869323.335744,83,2013,0.0
1270154.1564540002,8026203.834452,602968.419549,20729700.777897,7328167.74668,13401533.031217,10423363.191087,9887107.738494,2760875.048506,338254.415509,1199390.430051,2246146.848227,1512565.657623,6756049.677998002,3461797.109876001,107,2015,0.0
1867793.791121,12665432.427425,193663.89628,28444575.064337,6889682.179764999,21527163.800117,15395968.43003,14919520.200057,7277700.402617,975593.260135,1481141.434303,5489655.892980998,906609.557993,10797638.636304,4095896.258388,107,2012,0.0
42825.549417,140542.529949,25536.505498,240953.316393,180487.014702,60466.30169099999,106716.218995,57466.30169099999,13377.472269,272.832675,14822.500108000002,0.0,22446.436893,97716.980532,59412.383874,94,2015,0.0
41496.294602,413158.308175,19849.65579,454029.192401,138633.41746300002,315395.774938,386011.117592,307477.17493800004,159210.683053,11841.091912,52790.651489,73166.388708,9079.785455,371662.013573,141733.585311,69,2013,0.0
15063.599004,20541.506337,6367.067134000001,360177.128817,270411.462843,89765.665974,318399.22191,89765.665974,187025.194574,0.0,5347.933092,32526.7558,6897.377294,5477.907333,7856.997526999998,27,2016,0.0
27768.264217,242798.960439,5812.010132,362291.563808,141737.596476,220553.96733200003,229688.92836,220002.96733200003,105663.147187,9217.877525,10470.195464,80694.379116,19312.093569,215030.696222,73915.012602,48,2015,0.0
11603.764268,91126.920012,1931.704718,74567.804258,24869.136804,49698.667454,64036.91916900001,49698.667454,14834.871269,994.692943,5396.223476,7527.957648,2435.057607,79523.155744,32868.117868,81,2013,0.0
120939.913363,1531258.93193,69182.313641,1617775.191761,258884.871012,1358890.320749,1366014.2996540002,1311704.72208,682579.5228939999,47758.600234,99063.354037,690090.099212,161713.567325,1410319.018567,355505.523375,44,2015,0.0
79381.159785,606071.503073,23395.233227,1611648.692698,277518.891468,1334129.80123,1330273.3433299998,1292098.237559,757352.398625,9475.937222,35925.317717,329416.156624,73117.466147,526690.343288,346148.847068,100,2014,0.0
24017.525048,261438.117273,5274.189192,229516.603447,81038.538326,132196.27413399998,217493.303956,132196.27413399998,107027.386943,3611.223167,11894.77676,56266.517402,6578.8199479999985,237420.592225,86932.992764,16,2014,0.0
38746.46833,126584.229844,6116.558913,781920.04612,330437.647452,451482.398668,239819.633198,434583.531859,137827.60611400002,29832.425248000003,29739.271859,143345.76398800002,992.257125,87837.761514,8011.580815,84,2012,0.0
313172.471065,1597343.622322,110160.633858,3170088.228391,947635.864964,2222452.363427,2298670.774247,1777839.1224830004,690862.623614,93065.509448,265463.015073,704644.858047,135434.628016,1284171.151257,1101597.742214,83,2015,0.0
29312.731728,193923.731829,2679.178822,536464.948303,181467.931995,354997.016308,256569.933556,312933.746777,123240.861105,19645.153615,32613.743487,157183.176119,4388.546022,164611.000101,47886.598551,46,2015,0.0
16587.919291,44486.727665,1560.17617,342998.069195,180211.068001,162787.001194,154773.441932,128999.28617,114870.232318,11050.984425,12196.576241,66530.928936,1033.400259,27898.808374,32862.588596,115,2014,0.0
108198.705317,1084133.985665,52012.323673,1096221.110853,158103.015283,938118.09557,936936.012902,810877.335419,502047.834898,30248.88683,88856.00833200003,224819.450817,135594.74356,975935.280348,228357.200092,44,2012,0.0
213095.334638,1028526.350872,34573.067083,1542944.356589,400931.523747,1142012.832842,918271.633959,854565.051356,379231.878107,82919.06375,182213.482331,427590.779281,34591.28859,815431.016234,341387.515843,74,2012,0.0
41689.69693,357554.881986,16206.405903,653604.9526760001,173919.106846,479685.84583,625024.178756,289703.540142,365871.105963,16403.831159,24023.136753,80731.26203700001,53148.980302,315865.185056,97965.686494,25,2014,0.0
167948.423058,635283.626284,13621.982150999998,1819629.074329,723841.834318,1095787.240011,820548.716431,692602.4009,116945.995105,83184.884424,116788.417354,221083.600615,27803.596182,467335.203226,125926.690966,114,2012,0.0
36128.115872,517428.26714,15703.798656,535155.979648,90493.560403,444662.419245,491010.515993,444662.419245,294368.813302,11113.533281,24116.425232,49535.857478,29046.322847000003,481300.151268,102507.948096,95,2012,0.0
81437.06164,903928.674969,32832.413927,1491237.8428719996,340432.780653,1150805.062219,1178142.040979,952655.032567,330142.837071,23739.930532,73661.200457,259519.313991,350237.158131,822491.613329,461110.753892,62,2014,0.0
11341.49658,238741.691418,-14627.195897999998,855854.5813130002,170810.29839100002,685044.282922,223524.883407,226816.141225,56251.53614400001,13916.904247,30844.095934,59968.197622,4450.668528,227400.194838,127520.960602,69,2016,0.0
12023.690758,37645.789079,2429.2362420000004,529940.752814,247908.14190900003,282032.610905,450150.649757,282032.610905,313692.274798,3898.776799,4881.639122,0.0,8884.440228,25622.098321,11396.046087,27,2013,0.0
19747.048486,201891.440133,294.438646,387048.199104,37510.374412,349537.824692,335573.016456,287797.413324,185365.039554,10955.255474,16301.651637,114037.480394,13701.161143,182144.391647,100768.619014,97,2013,0.0
176844.90584000005,995658.237997,27893.757587,1602703.721133,157652.33258699998,1445051.388546,1118760.920489,1078621.683942,461360.971346,104515.261949,185322.392366,469489.182838,196900.66117,818813.332157,373640.345411,6,2012,0.0
-73727.31549600001,36260.255878,19485.594588,10006472.809055,5902958.196277,4103514.612778,5252263.680051,2003427.209154,2880774.115762,123304.101527,-111697.404429,491633.831645,30386.613638,109987.571374,675174.43083,30,2012,0.0
75566.004784,597836.48083,16196.443661,1488386.397705,273431.874022,1214954.523683,1325611.73115,1076851.069122,754911.73493,18182.332509,43034.852824,227919.022503,33668.730323,522270.476046,406595.928973,100,2013,0.0
22621.967313,68329.680339,-46867.02520400001,737946.428988,299900.485749,438045.943239,371285.265142,325616.623027,106943.269538,29196.882108,26600.44526,108709.410326,15427.833513,45707.713026,161015.768312,39,2013,0.0
29088.001301,121149.160118,2643.356052,212555.696826,137231.069829,75324.626997,140124.016533,74713.751997,53684.472573,7056.888834,20892.106068,35481.127017,9745.442273,92061.158817,44715.611533,70,2012,0.0
42511.706751,285790.443544,19637.450322,404623.961573,125314.04767,279309.913903,290101.361699,275430.713903,139026.510467,11224.043682,47335.667611,77020.987904,4877.678457,243278.736793,79627.81851,69,2012,0.0
92678.917547,155108.447516,41981.810973,685846.245125,306575.942516,379270.302609,38292.778478,33880.170037,1212.803845,24180.242368,119822.28396400002,2850.06984,2113.522454,62429.529969,4108.815829,23,2012,0.0
56673.991572000006,304956.8226,-4460.070695,750404.5659350002,78167.571227,672236.994708,435365.689699,543179.3254699999,274380.187117,37395.517397,41295.778393,295934.638095,12604.508888,248282.831028,115785.427653,42,2012,0.0
35459.310035,250544.295859,10293.495269,808397.098663,253841.194006,554555.904657,725315.8086689998,393998.84955100005,459028.343466,9603.451474,23369.774413,131820.682965,55799.925123,215084.985824,131921.014405,8,2014,0.0
11798.204225,101054.289142,1203.444894,332281.187192,195382.007703,136899.179489,239458.131702,134266.68487599998,76626.768945,2402.893099,6124.935011,9108.509884,12715.088776,89256.084917,104412.790059,58,2013,0.0
35134.239868000004,754757.4002439998,11680.139923,547860.673733,112076.32831199998,435784.345421,463879.23510200006,435784.345421,213670.225933,13962.448787,22596.446166,111198.430418,24036.621571,719623.160376,203478.710305,103,2013,0.0
1025.047277,24572.712001,-5816.016366,1177103.530086,840080.976163,337022.553923,770087.139295,337022.553923,391819.395605,1702.058255,-9641.548205,101620.0,758.530828,23547.664724,830.812179,63,2013,0.0
241740.944955,2526749.4587330003,55522.937663,2131641.999303,514440.18706,1617201.812243,1381092.087416,1356579.146973,641431.173367,81406.207715,273615.638912,785154.6335550002,19219.261659,2285008.513778,547301.918833,74,2015,0.0
7340.470020000002,38836.327281,4437.427245,37798.822006,18678.232799,19120.589207,34468.711769,19120.589207,6112.371114000001,158.25528300000005,4278.2551509999985,3542.523566,1072.8934359999996,31495.857261,21938.881009,109,2015,0.0
20136.893461,142165.854401,15893.348755,413747.21758,261390.123738,152357.093842,334337.80717,152357.093842,216638.834874,0.0,12657.106214,0.0,29088.548262,122028.96094,8997.257114,27,2014,0.0
24764.730658,53082.19509,58208.071553,437848.534976,211191.620698,226656.914278,57508.413029,135462.820109,0.0,19911.228035,-19488.812684,21554.711115,2102.529485,28317.464432,13315.481523,85,2016,0.0
311521.262063,741187.1839770002,152195.97204000002,12740689.763497,9277212.915537,3463476.84796,5584106.073464,1918273.607152,3631340.434668,88459.931006,261715.870119,280382.85493800003,38197.437955,429665.921914,485566.470483,30,2015,0.0
47782.335884,307371.410243,-30618.076903,769112.752539,47307.002451,721805.750088,449561.631095,435352.431204,270285.971328,54411.313368,42094.802999,201830.008724,12971.244049,259589.074359,130368.360819,42,2013,0.0
85976.937631,847817.51211,2936.371188,1261286.653145,214807.481794,1046479.171351,1038865.030924,1008993.566979,562910.761192,49837.841259,92549.30463,392909.47392,17965.525075999998,761840.574479,310805.257096,41,2013,0.0
88010.301573,525048.77815,18710.644738,405704.655479,163099.328286,242605.327193,295739.576443,236844.327193,63834.893247,4894.87626,36754.569965,70334.005314,112384.155114,437038.47657700005,101629.022738,89,2014,0.0
26111.057213,208293.218143,2291.470006,758927.303629,251301.992481,507625.311148,684080.262172,449868.491058,383294.936906,12852.542062,19186.078303,232444.57743,17215.352609,182182.16093,192038.657929,8,2012,0.0
3146.80453,16918.653900999998,-24985.932401,1159863.3215450002,815378.934061,344484.387484,665498.988583,344484.387484,407121.373443,2478.295,-7111.191917,101620.0,587.979562,13771.849371,91.0,63,2014,0.0
134509.85741099998,708402.3527,73366.58243,662087.884343,169588.712129,492499.172214,607741.414003,459906.260193,47537.99559,2296.149575,61499.480463,34410.814864,204385.856331,573892.495289,156344.80020899998,92,2015,0.0
3164.461679,75656.662189,610.3813349999998,115867.180657,25496.252514,90370.928143,102723.741106,86862.931692,30908.824988,506.724434,1265.839244,3976.8282,6135.450346000001,72492.20051,32395.47386,15,2013,0.0
130957.153245,479462.579686,41786.340255,1764046.198805,281957.08533800003,1482089.113467,820860.346749,831301.442452,285036.102347,52023.228877,106106.122388,494294.416108,19966.758932,348505.426441,447487.391317,91,2012,0.0
211408.483345,538037.321808,58425.15833099999,1907265.612399,333473.629755,1573791.982644,863553.761375,858178.6311560002,396325.02338,109745.537254,218534.433038,537272.834396,47116.94427,326628.838463,376125.961705,91,2014,0.0
1444946.4284120004,11104148.484921,713013.4118850002,22953150.462409,7124430.558941,15828719.903468,12928241.462655,10645236.673755,5431279.481655002,663439.1928590001,1313159.78003,2893616.985778,1110600.948438,9659202.056509,4103901.934884,107,2013,0.0
37256.143649,255505.387342,408.608987,434128.433084,72457.682551,361670.750533,312365.936291,299623.241349,71266.07347,25945.812192,34702.759386,179559.642603,12133.49095,218249.243693,196162.081065,45,2013,0.0
45022.147006,183890.122096,36619.39715400001,709515.988291,327542.148425,381973.839866,381797.508988,219219.924589,129080.576071,21010.928062,43277.100037,54539.685358,5604.966296000001,138867.97509000002,143460.255254,39,2014,0.0
79716.006761,800126.1600949998,22033.391118,577074.8863220001,93496.524502,483578.36182,480470.007028,479983.36182,145310.579292,14841.420703,41782.901174,99059.489831,24064.834465,720410.153334,292319.297022,106,2014,0.0
30986.756997000004,284388.808993,20469.77139,712387.986434,262775.275667,449612.710767,632301.7898050001,382376.81188,440993.970441,9819.117845,21562.57034,120458.617058,18408.726817,253402.051996,109290.958175,8,2016,0.0
-43975.326405,33845.911046,-57666.296612,654990.747185,28065.804166,626924.943019,601130.883506,626924.943019,161805.846751,12962.462742,-41183.932984,135377.616036,36238.94943,77821.237451,171996.981627,13,2014,0.0
66232.12571000001,1351090.624783,12683.546487,2332798.997191,319070.721203,2013728.275988,2145122.2681380003,1446109.44192,1821086.014973,41744.249055,61777.468101,470103.897654,57586.743172,1284858.499073,181445.323551,71,2012,0.0
85965.476387,853126.437737,14764.734766,1625704.574481,195273.729792,1430430.844689,1324161.564467,1027684.090729,654696.317082,39467.494243,82081.790174,397632.190419,146888.194283,767160.96135,431734.18841000006,105,2013,0.0
13543.250252000002,337633.954556,8476.130959999999,328016.198335,61520.893745,266495.30459,274904.74680100003,236908.966803,172909.605007,4377.272502000002,11402.914191,49884.228,9659.969041,324090.704304,71914.081919,7,2015,0.0
24169.19787,85979.94948,2983.86632,128478.845252,54175.067388,74303.777864,105492.254883,64709.03913200001,32360.907052999995,1514.074632,8669.986981,2653.757329,8001.6610150000015,61810.75161,46231.986101,79,2015,0.0
3849.932589,133547.897444,1692.87684,91807.817306,25738.808172,66069.009134,78490.955258,63832.623183,11601.658302,13.421579,1762.2635,1100.55,12424.014096,129697.964855,36523.222921,15,2014,0.0
11407.288414,32306.364191000004,2477.0225760000008,77562.160428,24759.715336,52802.445092,66108.488593,52622.445092,17405.558117,2201.859156,5505.185544,11698.206938,2204.361733,20899.075777,35665.831532,81,2012,0.0
105432.500981,683206.318466,4327.674102,1071118.986848,324356.35948600003,746762.6273619998,781749.421241,740242.470012,316403.215494,14432.409198,31455.452857,237120.894829,167893.090471,577773.817485,277348.806332,62,2013,0.0
29492.660429000003,182431.159146,3176.604615,224003.86288000003,59582.1567,164421.70618,147518.424516,145087.753799,42418.100815,16425.516887,29003.767387,76582.03007899999,307.897629,152938.498717,81240.116534,43,2012,0.0
3708.888513,34074.855456,547.00276,118323.904738,91409.723696,26914.181042,37506.268376,26914.181042,7929.897677,462.809536,3252.122385,4109.0035,3949.040912,30365.966943,10387.290463,51,2012,0.0
38743.433803,105158.156209,7042.1143040000015,265503.068729,162675.50303,102827.565699,133538.384379,92494.955201,12401.202367,4277.775599000001,13195.055241,17729.68,4166.42833,66414.722406,109420.30645,94,2013,0.0
32162.779845,333592.260433,-6996.387997,316859.785457,110675.359956,206184.425501,242884.982107,195518.126817,39597.771842,15052.112502000002,11229.239781,96799.834825,7337.982679000002,301429.48058800003,161467.11885,0,2012,0.0
51022.724095,252763.369876,31594.904657,401627.444579,207836.85041,193790.594169,228996.851767,149586.143617,22263.126393,1424.099149,29840.931292,17824.673399,68778.83498500001,201740.645781,35052.365929,116,2016,0.0
44930.759963,345442.53855500004,1141.837135,595740.21272,107508.638173,488231.57454700005,522680.339207,483993.100297,204846.589774,28604.128310000004,44650.70248,141341.797424,2709.194481,300511.778592,277747.386573,13,2012,0.0
66322.588888,851097.649527,2950.866549,798000.0821270002,317209.390978,480790.691149,518926.242636,480334.644899,193781.827652,13471.570444,20984.727806,107113.998093,69804.762242,784775.060639,136958.247022,54,2013,0.0
29152.83883,75510.193484,9678.035028,1190745.049977,335530.22373200004,855214.826245,1033041.803447,794064.462679,684347.808434,2696.461828,21671.551149000006,19343.550451,46690.094176,46357.354654,2202.8814190000007,84,2015,0.0
82066.86010199999,716211.30416,11042.306774,1577743.5356440004,187228.771537,1390514.764107,1318237.256194,1067708.424068,617308.806037,33518.715186,70312.606456,427493.775091,187864.086375,634144.444058,455450.581229,105,2014,0.0
423157.034973,2762399.823478,334091.77692800004,6213337.28505,1327778.272292,4885559.012758,1966981.157973,1567666.586133,59535.63499400001,39294.597827,415528.906236,365032.565849,360060.9185920001,2339242.788505,1242805.270263,26,2014,0.0
83376.37168200001,242134.63567600003,78228.37698300001,499711.71905,405456.581391,94255.137659,353305.462581,84386.611173,121906.81789,703.081275,78110.26835700001,8920.157825,13905.503409,158758.263994,52018.438248,50,2015,0.0
20220.159253,105313.626098,1158.777114,212375.458287,58185.161547,154190.29674000002,146797.160974,145156.676238,67004.264347,12624.513399,20894.436046000006,91207.420049,535.525033,85093.466845,68651.686436,43,2013,0.0
9535.270842,39363.147408,4660.5546840000015,62556.307815,25538.527455,37017.78036,58507.957257,36988.90036,5224.40647,994.890864,5643.472011,19458.68347,369.119583,29827.876566000006,39153.810983,108,2013,0.0
22141.608828,179209.967718,-43311.349807,1282279.5025620002,159461.710624,1122817.791938,954340.905563,1040128.336016,444867.924136,31893.995447,-1126.751256,267534.865561,4817.428981,157068.35889,176316.558826,60,2016,0.0
47388.874569,968896.152997,145228.060198,4522506.750012,3149196.854227,1373309.895785,1227025.489733,1372454.895785,342818.270719,44.12625,42774.487262,0.0,42451.012265,921507.278428,52207.383598,66,2015,0.0
76704.219629,1199414.139245,41936.505259,2259767.043105,574856.1153439999,1684910.927761,1316674.717363,1154722.8830209998,687445.6371010001,48635.125177,71263.65594,459889.030649,26140.430913,1122709.919616,417449.991076,47,2014,0.0
22421.935688,148660.285593,17013.648156,183186.354045,123835.51722,59350.836825,44614.258132,59350.836825,17422.551093000002,986.022933,21628.506361,14000.0,435.603003,126238.349905,18113.040665,51,2015,0.0
40868.160132,178105.197456,15288.181094,197506.709968,67452.45098200001,130054.258986,167581.747963,130054.258986,20809.285499,105.95046,14188.019905,300.0,54815.444779,137237.037324,69924.136408,93,2013,0.0
1799402.000264,20782721.033541,1762921.903118,11740871.191107,6233627.839279,5507243.351828,9943464.944899,5495199.216604,1240877.076159,153.055556,1554043.31193,0.0,1996627.577169,18983319.033277,3108314.210844,12,2016,0.0
32219.012742000006,1875760.826491,742.64209,2607043.999068,708519.157051,1898524.842017,1790020.228798,1575216.179618,1036492.423036,90603.407329,47293.39473,749991.10434,67884.65994099999,1843541.813749,431050.969353,47,2012,0.0
316768.134548,1207320.145616,101917.625579,2299846.613318,761548.6234729999,1538297.989845,1170741.16811,1145299.041386,418813.220806,124042.246321,312457.65147399995,665894.020642,125701.996974,890552.011068,525861.608882,77,2013,0.0
76352.530974,846221.140715,10683.388151,914473.698175,339248.380887,575225.317288,473768.97347299993,567312.4232600001,157618.6091,21380.695452,41151.499156,92180.433,78206.835985,769868.609741,213657.405741,62,2012,0.0
335278.435818,2106941.05566,201173.633527,3538058.255168,1156625.467932,2381432.787236,2347072.663402,1494009.967444,320424.21234800003,79520.280267,278628.05927,497528.7902,252211.387118,1771662.6198419996,1261114.416588,19,2016,0.0
339891.171512,612159.974911,226774.862534,4612706.227011,3016189.867496,1596516.359515,2929930.076978,975653.325962,2530858.8336650003,36714.133618,283013.244391,62059.236799,79036.367696,272268.803399,251388.878393,28,2012,0.0
29258.911973,529693.142425,10345.683515,548433.953307,88857.667223,459576.286084,508897.563979,459576.286084,224216.448141,8890.097803,16903.270046,63530.946377,19656.878336,500434.2304520001,163257.528628,95,2013,0.0
30025.213642,263056.945589,17436.012991,144341.412871,89624.956823,54716.456048,118530.610975,54716.456048,21383.546949,2403.986945,16031.373021,25463.125997,26410.895496,233031.731947,57040.00899,88,2015,0.0
96575.557824,2075521.819121,47455.92491,4167870.192573,611670.049996,3556200.1425769995,1495817.658882,937922.927586,237773.119484,9617.266493,58703.310198,290842.951184,63446.806706,1978946.261297,718996.417078,26,2012,0.0
26308.004396,176782.978997,18835.07525,244665.909505,127110.817358,117555.092147,179795.878598,117555.092147,28592.059994,3341.574824,25626.869038,46106.667,4751.173411,150474.974601,78774.493074,113,2016,0.0
787186.147339,2786122.656531,489690.420207,9319852.662482,2533196.526311,6786656.136171,2110035.004915,1517800.792824,41507.715279,185782.55387,806270.712811,301508.69673,428688.075454,1998936.509192,751838.625733,26,2016,0.0
78435.42765,598739.804169,19224.640146,364210.335581,131963.907543,232246.428038,320604.902235,218883.344583,40333.493793,6152.685504,37490.059361,33826.5055,44181.871931,520304.376519,210856.730724,68,2012,0.0
59886.982109,755092.566898,11217.620269,1335467.988519,191096.084184,1144371.904335,1138294.385164,1006230.061275,480252.314835,24961.48954,83774.050198,241182.060367,80620.868399,695205.584789,472553.103688,105,2015,0.0
61641.20133500001,352811.180795,17669.929862,806291.198585,262369.605333,543921.593252,737048.994432,388303.856132,488886.893151,13904.194028999998,37261.361337,136817.369649,16490.778896,291169.97946,107568.211671,8,2015,0.0
5751.888962,24220.827427,3256.220987,42202.125105,25874.437588,16327.687516999997,35687.585195,16327.687516999997,4627.926258,673.078412,3874.21599,4654.24364,392.230136,18468.938465,20846.257254,108,2016,0.0
14701.724201,181229.25973,6202.441455,146376.90237999998,77423.30526000001,68953.59712,124366.973358,68953.59712,40227.887871,5731.578526,11114.781399,45143.452523,21416.099721,166527.535529,57081.93661,88,2012,0.0
1067.013831,9996.274594,124.620145,23068.015542,20710.300461000006,2357.715081,19703.528186000003,2277.315081,2112.1137120000008,19.204955,-38.224313,0.0,6813.053545999999,8929.260763,8193.000222,64,2012,0.0
91833.671098,529561.374191,25669.826337,760831.764842,223698.103279,537133.6615630001,675119.736733,456380.270889,368988.926828,23205.174735,63983.282914,127611.716897,64141.551259,437727.7030930001,169542.537225,73,2012,0.0
22056.944317,85907.253161,5828.394425,187531.314295,53522.958087,134008.35620799998,146933.056629,132661.869253,35395.779683,1098.692921,729.2384910000002,9276.997049,5555.758776,63850.30884400001,87842.33071000001,79,2013,0.0
17764.997582,57472.373103,2296.727434,197416.524386,130307.27477,67109.249616,99161.298274,46745.984116,9766.106712,4767.362907,8932.094378,28290.109677,8477.452768000001,39707.375521,58288.725981,110,2015,0.0
323311.870046,4477276.306689,312831.672007,3678837.387245,2143764.3784310003,1535073.0088139996,3046715.665716,1520648.739204,382675.128544,444.017567,239529.957032,0.0,681485.8468109999,4153964.436643,1391259.601092,12,2012,0.0
555920.251374,7633621.86005,464287.418714,4863061.865449,2709392.119697,2153669.745752,3635696.412928,2139242.012076,269593.81016500003,0.0,376120.592551,0.0,469023.46943,7077701.608676,1959670.944439,12,2014,0.0
34691.596191000004,582040.029966,12560.590941,545672.4129189999,112573.253043,433099.159876,476824.020023,433099.159876,163135.816528,11896.984911,20086.960985,95360.535666,72074.591921,547348.433775,220357.024812,103,2014,0.0
111215.44053900002,1277116.721662,54686.95073,1293527.792827,183264.07458,1110263.718247,1085733.214454,1013758.051291,599487.6676439999,26464.088541,90167.878151,458316.042001,207747.360645,1165901.281123,201249.347232,44,2013,0.0
16148.456765,233747.084346,4208.7526,234371.932999,52930.887846,181441.045153,232667.23886,181441.045153,53301.170082,521.369395,4542.320256,42462.970683,78938.385076,217598.627581,72002.253498,18,2016,0.0
83346.704234,522619.6435970001,45414.868771,3398465.336793,260334.926247,3138130.410546,3016654.032475,2780496.014248,1230326.278494,13229.644099,44881.231818,852984.425271,833539.789205,439272.939363,433193.102709,14,2012,0.0
75015.228051,392773.816982,25842.90112,352315.133697,91810.126126,260505.007571,309053.172073,260505.007571,53073.86121700001,1120.71526,25331.573192,13326.69731,99870.84564,317758.588931,119401.644969,92,2013,0.0
120243.301198,751808.064436,9617.014113,1977282.562523,480446.932419,1496835.630104,950499.121532,1053994.091283,449939.609741,61717.10514299999,124583.567714,345080.420323,35551.196855,631564.763238,326489.643484,76,2014,0.0
223020.364624,1239132.056377,80662.210049,1400795.509537,509997.049103,890798.460434,896165.9702440002,858815.610434,409451.996673,39904.432645,156723.87464300002,473902.50203999993,67585.713638,1016111.691753,386539.503683,75,2015,0.0
256029.315892,1353969.468868,169321.11638599998,2198088.29648,797301.030667,1400787.2658129998,1411606.628946,1031869.885615,155612.226514,28426.164059,229716.313725,189209.190765,236575.321193,1097940.152976,905710.975263,19,2014,0.0
36500.198046,460368.54305,14536.061215,629350.027578,242223.708223,387126.319355,483316.580651,343522.75402600004,201449.538409,2184.128892,20754.000777,7401.08085,75851.214966,423868.345004,130135.041642,99,2014,0.0
27059.39977,349273.066344,1692.392484,381479.227233,134088.67997599998,247390.54725700003,227564.643164,243251.326736,82055.258305,8715.901122,11854.993444,41556.77565,3572.923102,322213.666574,110626.011649,0,2015,0.0
34976.560614999995,287249.70655500004,3284.677941,594815.083753,182381.345381,412433.738372,358980.463312,397577.966028,149756.501714,17197.883906,36600.602087,165319.66135,5743.209378000001,252273.14594,76170.230238,46,2016,0.0
48165.306909,646489.188177,584.9070230000002,630644.677809,169928.09672,460716.581089,476769.69492,450388.304955,222288.956006,24987.549849000006,27191.724143,183119.308162,18539.958949,598323.881268,182100.160085,53,2012,0.0
28460.090577,378662.45586,17811.779425999994,280499.373727,133443.28271600002,147056.09101099998,248922.202473,146379.333443,20319.820157,271.094387,17393.070892,66596.966126,22585.755117,350202.365283,121414.768113,20,2016,0.0
215699.990184,569550.646851,42243.230979,1931717.63611,320127.329256,1611590.306854,909115.116352,927758.566398,471115.227563,106618.504208,218076.787134,628981.162776,29503.227538,353850.6566670001,352418.6319760001,91,2015,0.0
428586.304855,3100858.7430330007,319140.132685,3263477.729536,1370385.097417,1893092.632119,2120773.137942,1287284.176241,568013.972374,10432.262854,320384.279697,63061.128705,571111.239466,2672272.438178,658557.238127,52,2015,0.0
464372.976215,6189651.406151,393151.11584,4552260.38845,2468493.891551,2083766.496899,3995926.433261,2002895.871972,248339.897206,0.0,284783.66449,0.0,618518.444081,5725278.429936,1924576.767254,12,2013,0.0
5954.757586,124707.07784,36162.923337,853115.638163,488398.397509,364717.240654,640034.028945,253206.869403,131028.012622,5122.710343,-16921.434057,99467.812298,32717.881915,118752.320254,164425.150242,70,2015,0.0
23132.173686,303991.112702,5709.89279,215599.852678,33741.526404000004,181858.326274,167667.590013,166516.85682000002,78001.042867,9809.210442,22975.320457,54046.5347,16594.484793,280858.939016,65789.877487,7,2012,0.0
29888.916389,192378.332563,1002.798597,317882.9192,58606.78215499999,259276.137045,296351.070997,259276.137045,206301.667338,14604.843594,20069.201861,154831.77894400002,8723.738919,162489.416174,74099.901895,34,2014,0.0
979895.779284,8346457.215355,420137.185529,22821842.031624,7272361.397464999,15549480.634159,12360763.99327,10268632.647794,4290984.133589,275832.731052,744277.049979,2481102.794569,1478605.215383,7366561.436071001,4406153.941225,107,2014,0.0
-23117.463109,79211.36542999999,-37701.466149,156737.726742,62729.39143,94008.335312,103423.582542,91674.561319,14242.849177000002,5011.965096,-24765.804256,46224.130581,2627.951289,102328.828539,63977.11984199999,38,2014,0.0
229831.496419,1479927.244407,185234.177492,3054980.706433,1306733.020883,1748247.68555,2240348.573447,1066035.725627,985022.727787,11994.101663,185680.64989,126304.798969,695367.01266,1250095.7479879998,309735.329335,22,2015,0.0
6964.399286,45020.909014,3310.539987,46916.257114,18389.522147,28526.734967,43784.97462,28526.734967,7720.384133,272.28664100000003,3355.457483,4009.014116,2997.184454,38056.509728,23337.263559,109,2016,0.0
22669.06752,100970.955567,25516.150409,154943.16663599998,76345.791139,78597.375497,104221.895338,78597.375497,6932.30287,853.16015,20459.642352000006,0.0,26418.888041,78301.888047,68457.97903300001,40,2012,0.0
50139.990069,278698.658371,11664.085946,501819.817933,104870.026849,396949.791084,445834.091146,378526.771375,269936.168925,17228.484714,41315.029638,171915.55198800002,3499.623376,228558.668302,131203.888196,104,2012,0.0
-2347.63474,24388.778318,-48265.959356,520366.461597,46825.663662,473540.797935,487624.09999399993,410847.797935,443282.920181,32738.956978,4081.830099,300.0,354.661698,26736.413058,8175.502481,61,2013,0.0
82231.533223,1005651.303018,31187.926241,558621.390208,100449.941247,458171.448961,479274.897454,456556.448961,114064.651331,15933.750347,46969.993202,117441.977993,29933.847193,923419.769795,299506.35813,106,2015,0.0
13388.576763,239716.172943,2164.468379,211887.792676,52357.585888,159530.206788,209331.289277,152046.726001,77212.893667,1801.930457,4912.922663,71622.55488899999,22518.024028,226327.59618,74800.585244,18,2013,0.0
7126.292739,54114.258021,3041.869756,84939.694768,54719.125156,30220.569612,55687.832164,30220.569612,19578.765149000006,1139.460837,5320.194147,8435.0,2503.217556,46987.965282,7816.776327,113,2013,0.0
65630.962176,206010.93546,7682.706479,950039.474154,156350.678162,793688.795992,545201.361596,553862.3792590001,183597.204482,25254.274231,51465.139774,175950.395357,4220.6798530000015,140379.97328399998,272378.512649,49,2013,0.0
153545.731349,1132355.741599,84965.219897,2688056.0802720003,1068468.352406,1619587.727866,1926213.004847,1460415.435194,574060.988601,34970.225947000006,83677.722611,254079.739787,226732.044282,978810.01025,615851.946568,37,2016,0.0
97786.709324,784019.405762,33175.786508,569447.465763,108376.817282,461070.648481,483391.201965,459520.648481,86661.69534199999,14680.21086,57792.983073,111368.760083,42670.864653,686232.696438,324331.191675,106,2013,0.0
337295.796539,1468882.198765,125757.106471,1855141.662147,651103.330409,1204038.3317379998,1514039.599024,1159031.297287,492068.297784,86893.983626,314416.846456,524470.980504,139764.77706199998,1131586.402226,823892.114163,83,2012,0.0
1111836.119011,13668916.257891,926668.522246,7815095.968022998,3242535.782354,4572560.185669,6485874.716823,4559132.890228,1051277.324227,0.0,794221.2503109998,0.0,1461621.853393,12557080.13888,2292955.182283,12,2015,0.0
32296.272999,120546.785133,24242.243028,266616.406403,173383.423904,93232.982499,134137.748064,85837.435317,14593.241016999998,849.232116,10823.139974,4950.399,30619.889296,88250.512134,83532.32499400001,94,2014,0.0
25945.002867,284926.622313,-294446.610685,1935715.5230900003,848210.718938,1087504.804152,1147133.775108,914226.382276,356529.46924,59253.424966,-22542.106509,375781.803765,20909.398415,258981.619446,274059.002835,37,2013,0.0
32181.771677,329116.130951,24082.878137,2139225.361672,557413.6893229999,1581811.672349,1271035.248806,1198322.679298,563802.894122,10918.178107,12244.513478,319843.751836,34543.336964,296934.359274,402152.827841,14,2015,0.0
30204.167456,558947.581255,9072.733164,516032.650247,93961.762888,422070.887359,438238.079902,396646.120785,92132.189549,8968.667298,17599.746527,87911.020476,17442.384851,528743.413799,248987.914373,95,2015,0.0
25367.836018,140437.42726,9486.773733,825255.457809,610857.42944,214398.028369,501418.617162,153516.059167,71195.676287,4037.449304,9880.839841,35756.455937,4265.433213,115069.591242,21406.595629,4,2016,0.0
126508.310293,801397.837305,-27870.054677,2169850.914552,437881.072212,1731969.8423400002,958801.165964,1120534.517246,463743.491521,78351.897256,76973.693105,466483.35685200006,15301.718538,674889.527012,247441.809774,76,2012,0.0
20280.349694,312551.128525,5352.40991,693586.7101489999,176003.542654,517583.167495,670658.5249119999,517583.167495,178974.33032,4906.796454,13736.077198,248667.115272,13216.624965,292270.778831,259707.231764,24,2016,0.0
4012.010785,65348.484436,659.3117950000002,129970.591828,26996.224129,102974.367699,116632.587127,101683.849656,31473.207883,1877.53795,2124.2557070000007,6883.217,12006.969717,61336.473651,49609.715266,15,2012,0.0
86138.26040099999,862866.9106709998,21754.769841,841543.022883,141256.28579000002,700286.737093,667134.988534,658402.0824300001,301668.621672,28031.896879000004,64612.98199199999,384841.808264,47787.498965,776728.65027,304051.869248,35,2015,0.0
105693.412474,453660.817396,89914.93010299998,373926.004921,256306.246081,117619.75884,282272.93694600003,116682.95748,60010.575556,590.0726639999998,92774.762617,16372.825193,9861.328609,347967.404922,133796.409252,5,2014,0.0
203510.887006,809694.726502,47205.596031,1155249.419225,313165.305714,842084.113511,816219.5749100002,799151.907903,440443.556599,64485.815942,164769.738655,427935.923899,33808.596391,606183.839496,275574.483726,75,2012,0.0
90856.698392,1249382.8779139998,41551.826567,1277258.11554,229078.363346,1048179.752194,982309.578786,612844.612494,513484.930583,26704.534194,97999.84394,281190.81571500003,69121.851937,1158526.179522,280813.599662,31,2016,0.0
1281.05033,10663.639213,828.362617,29800.847133,13669.628763,16131.21837,21220.665235,13943.48037,0.0,0.0,493.712569,0.0,6995.7092010000015,9382.588883,2301.325655,10,2012,0.0
120744.091378,874497.6881360002,36791.149256,858381.421576,248643.673708,609737.7478680001,668796.543685,559821.470033,175125.081966,28841.047494,75836.336151,147169.454836,52761.033956,753753.596758,336120.41157199995,86,2012,0.0
73109.097997,1210307.364787,40058.717419,1006697.5072,203589.991339,803107.5158609998,712594.749283,383548.109404,298169.710022,25656.293531,85929.4072,189195.920636,91638.123641,1137198.26679,248352.194908,31,2015,0.0
13701.787606,130963.526703,10833.420413,78062.816636,45872.476406,32190.34023,50112.968796,32190.34023,10421.551185,258.019594,12738.181657,6154.7194,4147.183096,117261.739097,15959.504418,65,2015,0.0
30978.966266000003,347502.708436,2470.976191,459856.386961,180981.854175,278874.532786,294256.108001,228755.343921,82437.200761,17600.118281,27666.038509,115287.942491,4449.5528920000015,316523.74217,38632.241827,46,2014,0.0
221288.374578,1295288.8613729998,91548.221872,1299082.648612,513602.7830979999,785479.8655140002,1004167.984403,728831.739085,463166.704784,48450.553468,179462.603441,377134.231754,72867.32752400001,1074000.486795,437487.187304,75,2014,0.0
82922.854984,1775650.551631,15279.687141,4770422.896786,773811.183524,3996611.713262,1350999.578959,1172569.299329,119392.833473,28006.563281,66253.98934,604087.1310520001,298805.737348,1692727.696647,511656.582459,26,2013,0.0
96975.924496,538346.607533,15409.125071,764463.162603,231188.02709,533275.135513,697110.3874649999,460265.717771,386497.200439,21446.22314,50886.545626,138835.356724,48212.880651,441370.683037,190135.208232,73,2013,0.0
-8026.545181,11243.665195,54977.622572,10766601.849888,7153801.5894220015,3612800.2604660005,5860848.410746,2155691.487905,3417475.51308,90425.972718,-41734.71096,631593.950941,60108.30168300001,19270.210376,715018.256557,30,2013,0.0
183432.776081,988682.967327,182125.030271,2327798.569766,848649.958951,1479148.610815,1847444.998412,1476427.6150870004,1121823.258432,20581.483009,141008.32783599998,135476.866724,294240.599725,805250.191246,197088.169325,22,2013,0.0
5890.497996,19583.627524,1575.244707,34961.237929,25173.895326,9787.342603,30911.255445,9787.342603,17955.405506,21.764243,1693.567962,0.0,4866.930359,13693.129528,6047.085542,29,2014,0.0
61169.10972000001,626624.418842,8835.385065999999,692054.833844,102160.860286,589893.9735579999,644743.6101640001,579871.7213770001,325474.61947399995,35919.433212,51751.970418,342363.176627,9048.755082,565455.309122,237037.482185,102,2012,0.0
173.8872,16389.627855000002,2547.419373,386007.431344,246213.251617,139794.179727,306197.854089,139794.179727,210442.714832,3315.048249,-8373.139647,51453.044769,3738.71243,16215.740655,14327.957,27,2012,0.0
19657.082216,170444.550059,1221.0150609999996,220503.831107,59242.71735,161261.11375699998,172535.38603,161261.11375699998,72227.31427999999,8242.013406,15902.121324000002,94339.632094,1125.957317,150787.46784300002,88212.324704,43,2016,0.0
40223.736279,535864.1238569999,6996.32061,868893.901016,340683.765932,528210.1350840001,701439.639941,444618.182343,359031.121274,2662.519878,28752.37658,27891.682676,6883.377594,495640.387578,4529.988543,84,2016,0.0
183209.881057,768855.924785,7661.7394829999985,5090921.7944720015,2555407.483553,2535514.310919,3372636.050307,1252794.64377,1903370.204837,53857.13086799999,57477.072877,287661.146665,260287.492979,585646.043728,1001930.754671,17,2012,0.0
8983.457868000001,153547.746586,-2692.8191890000007,589010.6514859999,208678.071341,380332.580145,489652.724751,370030.132365,173552.418241,7699.096103,3456.0629630000008,88371.157645,15615.092029,144564.288718,84993.751036,82,2014,0.0
3983.366173,100216.576597,1349.498399,89721.607355,25662.802923,64058.804432,76700.23198899999,60931.61235700001,11210.092955,0.0,1581.513277,0.0,14627.503096,96233.210424,30367.692392,15,2015,0.0
21325.321601,119400.415829,10566.816771,70823.58322999999,43163.818408,27659.764822000005,61231.813766,27554.757463,8656.804761,496.434048,13220.599551,1115.87026,12047.391474,98075.094228,39782.466414,65,2014,0.0
38269.487449,377541.33882600005,23798.60955,575489.290694,115841.72526,459647.565434,516366.429125,459647.565434,178614.266226,2559.975713,31133.816130000007,30982.14242,281418.174635,339271.851377,50184.395213,104,2015,0.0
162800.02068,595643.499662,48504.381003,1819198.272457,822039.480463,997158.791994,1004131.498163,717884.9695819998,350859.020089,66902.277472,188493.088836,525714.567666,80981.143855,432843.478982,496214.085275,77,2016,0.0
45772.339279,142135.228943,27562.830244,517596.687416,148534.871744,369061.815672,417343.854719,191492.799079,326444.635179,7917.608603,37196.214648,42604.21900000001,2016.840496,96362.889664,80281.27377100001,50,2013,0.0
6133.871347,31575.509297000004,3974.44331,41084.688738,24995.51788,16089.170858,36798.571031,15360.290858000002,3834.866667,1229.2728140000004,2688.814704,7612.1765,940.523665,25441.63795,22620.482991,108,2014,0.0
386.918969,7300.7547829999985,-22002.804682,512820.062258,165844.296955,346975.765303,419130.697494,344967.36105500004,161810.831672,6224.197255,-11417.087885,67186.000382,4524.382794,6913.835814,57821.529653,82,2016,0.0
22776.831341,526623.895601,2992.53314,529011.3430189999,107293.654111,421717.688908,450606.093924,421717.688908,161881.40516300002,10023.242139,9090.048389,126661.469149,29748.099297000004,503847.06426,216304.50186,103,2015,0.0
-45440.58927,290566.667032,-150194.409325,2215981.009786,178080.13980499996,2037900.869981,919285.19182,979072.254634,234906.039543,98133.651497,-71700.51222,185475.087315,18045.760435,336007.256302,137437.432301,59,2012,0.0
163736.899219,1426359.784398,28218.6043,1889118.46758,179824.420234,1709294.047346,1346326.021722,1069198.380673,509137.957431,90508.071367,172801.341006,500383.508742,120666.61725,1262622.885179,569178.992989,6,2013,0.0
58037.04498300001,260715.36442800003,14036.903911,222606.784413,76934.009515,145672.774898,177533.651537,145672.774898,29521.064627,0.0,14009.702273,0.0,51134.559843,202678.319445,70774.769709,93,2015,0.0
12385.873229,71111.243561,2586.9251,57205.343672,15518.182858000002,41687.160814,56100.81385,41687.160814,6044.094361,902.185325,3795.921262,20370.072636,3934.526684,58725.37033200001,33582.45901000001,98,2014,0.0
43746.653236,229616.805287,49921.156408,255630.27242,179643.76279100004,75986.509629,154425.433972,75916.509629,35129.297888,384.437141,35802.689898000004,0.0,54254.971705,185870.152051,47051.613602,40,2013,0.0
96277.619094,471097.454532,63004.256217,552916.078457,126172.842047,426743.23641,510903.856934,419602.875407,42717.309675,1310.275619,63331.95617000001,27223.934574000006,177681.264276,374819.835438,106154.616716,92,2014,0.0
92956.505202,1033080.335957,28003.464661,701899.866872,105816.407027,596083.459845,634264.351869,587333.459845,55664.421089,16136.491829,55073.999747,114056.155375,49088.861273,940123.830755,451261.997842,106,2016,0.0
98909.906408,1521583.885393,33105.479994,1446839.640865,218671.49435500003,1228168.14651,1208170.885395,1138233.349665,257580.335885,29987.138226,47197.116912,286083.149715,83547.98624099999,1422673.978985,694925.8909270001,32,2016,0.0
204546.830136,549946.546296,53975.150263,1854354.458761,290938.385961,1563416.0728,846253.907749,841379.0125010002,324359.198116,109453.989165,227603.730166,500190.451689,66785.135995,345399.71616,389431.69566,91,2013,0.0
115200.212333,870840.352763,21352.039248,891952.660559,249362.72235,642589.938209,725335.628712,593951.283191,200463.408812,21264.805958,60283.750781,162361.76861099998,76062.872703,755640.14043,366398.696362,86,2013,0.0
56973.865048,576337.1641,1541.21181,845597.378306,319032.323659,526565.054647,550552.739738,484075.863397,214684.083472,11275.624344,14797.34954,88374.71972000002,84752.407731,519363.2990520001,132416.06217000002,54,2014,0.0
169170.266858,1618461.95557,69712.461175,1982652.692649,296674.791784,1685977.900865,1645362.314621,1630842.740291,851981.762566,59500.556002,151312.62285,836425.237123,59677.18578200001,1449291.688712,433820.503987,44,2016,0.0
24753.383308,297054.63476,1299.399041,364478.482985,132784.499893,231693.983092,248121.367995,227754.661571,72146.048545,9326.646974,13353.089043,95694.036422,4750.754442,272301.251452,104327.594961,0,2014,0.0
89610.10296799998,192646.418501,78743.123484,508240.52160200005,404159.4925,104081.029102,321430.276558,76866.941426,150315.97764,712.816955,90016.964356,9297.5,106325.790402,103036.315533,53051.074217,90,2016,0.0
19440.441266,297256.796802,-600.666387,669214.421669,102369.202494,566845.219175,343764.858433,331699.72983,178763.30402,9985.864254,12960.34528,83852.351263,21970.07251,277816.355536,100996.567281,11,2012,0.0
36045.918825,138735.981733,3868.267575,199062.889319,137443.502974,61619.386345000006,129932.954107,61619.386345000006,31899.275197000006,3726.948904,19429.728954,29423.836134,24047.802897,102690.062908,45566.960251,70,2013,0.0
35228.593477999995,379239.537883,-48660.455393,1439301.586252,311998.509956,1127275.663504,1037607.626341,939777.161621,522563.573246,53058.108503,4216.394414,347798.366681,5439.583925,344010.944405,204488.545998,60,2012,0.0
14359.576946,87927.302829,398.296543,410729.390119,177673.98151500005,233055.408604,309425.995436,205865.193303,275263.05619499995,8699.388031,10874.6724,125821.9558,1105.957906,73567.725883,28086.995243,115,2012,0.0
39780.163128,184295.516325,35952.097392,458156.458301,351422.325067,106734.133234,239685.694901,106734.133234,8294.31055,0.0,35977.738662,60000.0,4701.081628,144515.353197,32041.162781,9,2016,0.0
1030381.720173,6588538.129558,2250268.286844,11895881.865812,5435624.296885,6460257.568926998,7297705.146644998,1456077.196391,938611.841068,155070.875542,1621734.934472,370680.030132,1185659.130762,5558156.4093849985,1407552.409872,55,2013,0.0
49063.212022,333103.861341,-3412.7316840000008,1227341.548,159531.954253,1067809.593747,743940.4310260002,783137.790111,224616.533672,22167.973944,32909.590481,247103.265947,3236.691025,284040.649319,417983.00312,49,2016,0.0
106353.081459,1301734.110775,48557.748301,1420343.790088,308899.155023,1111444.635065,1134564.080053,1088584.76992,371567.254825,44365.256749,95753.45159,492347.636262,31041.980441000003,1195381.029316,449246.274988,41,2015,0.0
38107.669227,320002.24010500003,10464.744322,335864.974587,146654.753702,189210.220885,220194.225839,188555.546796,107757.004156,6551.58521,14632.258494,62110.050104,35521.696032,281894.570878,44314.193039,48,2016,0.0
11735.128365,55726.26931900001,350.026491,130804.84078800002,60473.794072,70331.046716,28416.008609,43824.659909,3418.0160960000007,3913.3478700000014,7228.227893000001,21933.044241,1342.23863,43991.140954,10915.691895,111,2012,0.0
43150.108315,293293.10983200005,-17235.36937,644271.77143,68774.322865,575497.448565,619036.0974430001,505340.132408,264519.41322,46496.520966,36080.56719,291532.176965,4845.436053,250143.001517,300444.427624,102,2014,0.0
17303.420318,166816.70943,1401.515854,300232.476321,53901.585601,246330.89072,255560.150146,246327.89072,91294.473141,6848.979876,12780.761554,85036.03242999999,7800.279417,149513.289112,110464.440479,97,2015,0.0
70487.046633,306882.191134,16562.882748,259815.647063,87266.956718,172548.690345,207670.006323,172548.690345,33581.436533,0.0,18190.125268,0.0,79420.65455,236395.14450100003,67526.126575,93,2016,0.0
88703.405035,892277.4219399998,13633.293508,784609.9797609998,151383.772149,633226.2076119999,611936.109253,598790.4848140001,313454.144454,32712.321269,65745.28645099999,417706.960781,30979.305659,803574.016905,260494.494566,35,2016,0.0
26386.191256,198930.575006,15050.115481,157647.089251,99202.422662,58444.666589,106934.207667,58444.666589,27218.499579000007,2591.623512,23261.336618,24213.571,6554.152168,172544.38375,37173.418764,113,2015,0.0
27251.559492,131505.579123,11448.961982,180381.529173,82026.827888,98354.701285,108541.2217,97719.801785,10613.627105,3504.709665,18443.179196,27429.570996,16314.218979,104254.019631,39030.852035,110,2013,0.0
31638.535149,238489.422875,1100.802461,318662.959652,75573.265491,243089.694161,263301.178874,243089.694161,156855.837963,18223.161106,23556.471707,128738.974828,3000.516676,206850.887726,97787.787258,33,2012,0.0
61323.9824,1060606.15548,31116.010892,1952046.21718,184187.346174,1767858.871006,1902982.02322,1767858.871006,1536934.270694,638.534826,28125.961903,0.0,100676.705334,999282.17308,168056.106755,56,2013,0.0
92316.855934,785827.644119,33940.914427,805456.655197,159414.64663499998,646042.008562,407596.976824,328776.698969,207876.426468,40327.836334,94293.198318,123741.601825,33197.199113,693510.7881850001,150157.166715,31,2012,0.0
2042.012224,27378.701762,-5456.754724,131066.011888,52586.570124,78479.441764,19193.224824,38769.491368,2305.833767,2314.783563,-118.857908,13679.149641,112.099236,25336.689538,10178.872784,111,2013,0.0
19148.934143,304712.815268,2751.583796,488980.4267729999,74300.68162799999,414679.745145,377550.442424,363387.62305,137139.94338900002,21833.694602,11918.106998,239974.587368,57809.316166,285563.881125,158718.998323,45,2015,0.0
19674.422785,164131.415899,3144.595161,391212.323067,181403.260825,209809.062242,269366.01973400003,173743.156506,122519.778799,12034.299551,16754.001175,56692.388575,1129.6544210000004,144456.993114,19857.622298,46,2013,0.0
42364.575793,566946.493538,9529.64139,667422.769857,171248.268688,496174.501169,525747.604197,490116.295035,226993.535364,19944.377907,26900.630651,185713.857046,49407.818182,524581.917745,181257.784771,53,2013,0.0
57884.9639,800945.256325,2508.122903,823743.370289,312062.115404,511681.25488500006,578838.607768,507818.045845,212656.581078,26121.92309,11898.958731,93505.541711,98468.525759,743060.292425,135881.911996,54,2012,0.0
74853.234864,514031.418755,17182.337553999998,466461.594631,116083.461571,350378.13306,339132.06328,335787.549224,115371.582257,30564.627674,56626.903981,217705.596313,24504.551389,439178.183891,185058.261673,35,2012,0.0
219358.885018,1344445.301716,57589.229743,918186.173002,290001.069556,628185.103446,755012.218784,562990.912362,173777.93837699998,19572.446781,109922.888354,172161.965284,110417.623221,1125086.416698,380073.320442,86,2014,0.0
84020.640177,644291.568946,10678.981352,854482.022591,213126.702146,641355.320445,766229.142871,519181.729416,383868.425573,18608.966005,40121.461993,202112.986696,51447.8622,560270.928769,201585.341125,73,2014,0.0
31867.670542000003,320452.451335,18988.197921,440286.597862,131924.161063,308362.436799,345125.19284499995,243000.651225,82236.35370800001,4536.857690999998,20593.341381,15518.933351,54935.729823,288584.78079299995,183757.554133,11,2016,0.0
102639.055187,1459983.097632,26400.861477,1190725.450946,211773.434292,978952.016654,1048555.11755,723451.4156020002,462096.243652,24949.076252000006,59798.114399,459994.72254,126630.51891199998,1357344.042445,371271.059024,53,2016,0.0
93674.10862,282883.498997,61866.631173,664520.518809,509974.037559,154546.48125,562757.239727,147490.95476400002,135302.426522,774.4996530000002,89324.887476,4998.338054,8091.605314,189209.390377,131148.757012,50,2016,0.0
49402.639156,124516.079,42667.880534,422323.901662,370209.298925,52114.602737,206522.083872,43683.470658,3545.4432380000007,947.123175,42393.02036,7491.616,1014.646642,75113.43984400001,99445.024,4,2014,0.0
80806.183702,432245.259704,16609.579683,361995.653031,159435.587238,202560.065793,242193.96775300003,184903.66389,87715.230635,6717.471049,38480.397312,42767.336083,28186.787314,351439.076002,108699.36255,89,2013,0.0
55838.787721,121581.036393,12923.328404,821034.245902,346442.213344,474592.032558,501063.23667,262919.290848,280275.05041100003,10255.623937,40023.076665,107785.886735,2903.963532,65742.248672,126202.76477,39,2015,0.0
29314.73389,149687.47875799998,20696.579369,143705.648919,133161.089413,10544.559506,22850.958534,10544.559506,0.0,472.5,27120.084802,0.0,2581.209182,120372.744868,18828.979009,51,2016,0.0
5525.081343,46766.72618,2367.877019,30732.682805,15275.339594,15457.343211,21352.449138,15457.343211,15811.726507,0.0,2868.849314,2500.0,720.0256,41241.644837,4561.744318,9,2013,0.0
30763.201188,267347.039539,14275.531692,165301.81829300002,83697.735216,81604.083077,141253.312581,81604.083077,19544.845837,4201.141662,14723.726151,58878.93879099999,35459.331223,236583.838351,83267.575798,88,2013,0.0
23163.614051,239713.536017,599.1604530000002,352770.15656,90522.834688,262247.321872,252649.397507,236294.270871,51554.511511,13071.567348,23378.828968,107201.664517,2390.281654,216549.921966,186117.541243,36,2014,0.0
24312.004978,407803.857635,2661.706947,457108.53558500006,136193.797525,320914.73806,350265.905289,316301.104166,111213.500557,5505.129319,9829.905527,46953.949985,3316.700363,383491.852657,118750.68286,0,2016,0.0
32350.052681,64749.540818,2701.861307,697969.810374,152660.594775,545309.215599,457908.624149,196588.357892,399571.778204,17513.509748,46709.550842,45898.53713500001,1446.788733,32399.488137,22701.928061,85,2013,0.0
158845.290589,1539384.725752,138079.102749,2224357.4683970003,510981.761341,1713375.707056,1852542.880609,1648589.517475,720758.083096,24638.358653,-22661.143849,573534.608069,399752.481358,1380539.435163,399015.546497,14,2013,0.0
75065.054343,709429.598045,17811.30454,620915.5472350001,124140.006963,496775.540272,481045.622109,480641.436895,198349.872536,32656.158651,62181.467053,342587.041402,41487.162774,634364.543702,226276.5076,35,2013,0.0
150312.17030899998,699471.1124699999,63617.993229,602210.2710020001,204905.774456,397304.496546,450920.673929,365519.903546,190388.545938,3308.798021,78962.71729500001,179580.763853,82141.01581900001,549158.942161,140991.31494,89,2015,0.0
26791.950522,223481.069887,560.548267,341016.310765,75005.0279,266011.282865,289388.862216,264262.24766999995,129832.040571,16500.368696999998,22000.73962,122260.551921,19922.849741,196689.119365,138228.55396199998,33,2014,0.0
155680.99668900002,1490531.2494889996,5658.208909,2255651.502075,293484.710446,1962166.791629,1308387.798808,1335818.655467,845371.493229,109548.984468,206414.726598,750011.597676,16483.147337000002,1334850.2528,296709.938784,6,2016,0.0
11188.216659,59599.98959299999,1090.552131,208553.919491,44103.00829,164450.911201,177168.891249,90772.747822,108740.057861,4528.196239,8860.308907999999,38832.661069,24.515662,48411.772934,41976.840358,3,2013,0.0
14244.857931,238297.659884,-18938.68776,668015.450514,11136.589698,656878.860816,636488.238253,566188.04718,231280.255416,19183.487801,3517.564696,114972.752176,1484.65391,224052.801953,67477.160875,78,2014,1.0
17225.890283,348856.90623200004,-20972.242169,760313.897617,-9873.779994,770187.677611,733361.008217,685278.677611,240005.215735,19010.949897,2611.685366,111430.397924,1350.47701,331631.015949,60542.958339,78,2015,1.0
24767.174693,325524.26142,1823.168491,424876.457374,91975.803471,332900.653903,328282.516219,306073.300427,89108.33787,12762.778445,23735.786221,136800.389468,28413.907197000004,300757.086727,193872.343771,36,2015,1.0
575.152163,16356.515151,-9776.872953,67817.329631,14101.307368000002,53716.022263,54200.71875,53716.022263,2694.937199,253.827148,-2143.473219,3690.823,3084.650734,15781.362988,26342.474297,81,2015,1.0
105708.183472,1018600.369211,8797.641045999999,1209861.957837,344078.01086700003,865783.94697,933831.889161,767752.264579,317119.836156,6840.417592,13926.859025999998,51934.737268,322054.72600900003,912892.185739,203138.019384,54,2015,1.0
-37688.545116,214814.768175,-67182.134424,522354.675462,-24001.13768,546355.813142,444517.144993,546355.813142,152531.234789,4884.371378,-44489.359284,53555.271492,1850.324368,252503.313291,188995.214293,13,2015,1.0
-1285.200385,9333.439818,-10733.737915,122492.831314,41852.832209,80639.999105,12110.598091,79217.097729,2082.810673,1629.351568,-3774.602221,39340.233708,174.144014,10618.640203,4117.316239,111,2014,1.0
2970.345249,27230.965921,-4593.259125,127002.482127,36965.136767,90037.34536,14713.067669,90037.34536,1866.474217,1502.633475,-77.421931,42406.063434,1355.441887,24260.620672,7091.744579000001,111,2015,1.0
18507.800936,370906.195331,1087.29446,340224.656929,145179.784213,195044.872716,308302.534865,195039.872716,113374.067081,7271.540183,23561.984655,61825.496375,3440.058676,352398.3943949999,179640.832282,69,2015,1.0
5998.4773479999985,218739.843035,-52913.674519,674995.992455,-43069.380957,718065.373412,407067.789453,572238.728163,253654.725433,36470.688394,-3079.651465,325048.003401,3278.004318,212741.365687,107661.07959,42,2015,1.0
4216.947572,21982.722005,2122.867679,32776.790432,23187.671226,9589.119206,30025.949418,9221.619206,9124.701673,20.862887,3197.686763,540.323113,1550.988671,17765.774433000002,16544.33889,64,2015,1.0
4739.669178,133273.613682,-5419.612178,230035.64555,172391.502117,57644.14343300001,81624.50771399999,51072.291273,37726.82360400001,4884.54166,-457.141705,7872.826517,1931.840285,128533.944504,35086.980387,115,2015,1.0
23161.776537,47183.82677,147.026083,220893.687544,43539.400011,177354.287533,191436.036577,135288.287533,149624.971211,3731.027543,4438.9412619999985,249.184204,7769.722336,24022.050233,-8131.35349,61,2015,1.0
764.979736,764.979736,-29128.176341,254734.965571,23406.092652,231328.872919,243898.28774,231328.872919,96296.413331,14762.47743,-11821.069168,98930.898717,2307.711655,0.0,44404.08596600001,96,2014,1.0
-12565.132722,242783.324344,-19284.897058,617108.524916,-305978.949506,923087.474422,488297.144306,840467.619903,369381.80267,58398.778547,-54590.456292,114481.762947,16321.560284,255348.457066,18022.721797,57,2015,1.0
-1144.043976,379630.97839,-22057.832391,1218071.541511,34570.52778500001,1183501.013726,1022226.557096,1107629.287035,231492.597649,20890.79875,-6376.264491,102520.697589,5444.68014,380775.022366,97210.026351,59,2014,1.0
13350.362239,110037.676741,-26598.325932,704432.671583,-431.248347,704863.91993,459170.287479,527777.613715,101338.745391,17986.153238,-15506.467044,85223.066009,4635.8289,96687.314502,76581.250137,59,2015,1.0
7077.274781,66546.730123,232.900552,369428.863988,164887.457883,204541.406105,63014.45152,86285.402711,16046.30981,4619.848687,4487.486526,39356.524,3143.214657,59469.455342,14035.306948,80,2015,1.0
-23794.738868,40338.534143,-38944.978059,203696.320762,-24211.944736,227908.265498,183939.780928,209507.188191,68689.395677,7964.231446,-28849.738524,27194.093262,1202.431511,64133.27301100001,56810.70731699999,72,2014,1.0
684.2931309999999,13003.4293,-2361.553591,66799.987244,19408.508639,47391.478605,47739.241533,47210.748834,9256.100902,1297.675333,-1187.201996,10308.440689,47.774203,12319.136169,6118.727688,87,2014,1.0
